average_fitness,max_fitness
97.1663643536108,100.0
97.1663643536108,100.0
100.0,100.0
100.0,100.0
100.0,100.0
100.0,100.0
100.0,100.0
100.0,100.0
100.0,100.0
100.0,100.0
100.0,100.0
100.0,100.0
100.0,100.0
100.0,100.0
100.0,100.0
100.0,100.0
100.0,100.0
100.0,100.0
100.0,100.0
100.0,100.0
